id,date,transaction_amount,account_balance,num_transactions_24h,fraudulent
0,2022-01-01,764.6078518951497,5555.962679709798,4,0
1,2022-01-02,560.0235812550835,5892.47388733153,4,0
2,2022-01-03,646.8106976158608,4577.685175874729,6,0
3,2022-01-04,836.1339798802187,5104.714029433284,10,0
4,2022-01-05,780.1336985224951,5228.053325124067,4,0
5,2022-01-06,353.40831801853835,5201.479946704433,10,0
6,2022-01-07,642.5132626288384,5540.773585300391,6,0
7,2022-01-08,477.2964187553453,3181.9223696164304,6,0
8,2022-01-09,484.5171722309663,4950.6759298524275,6,1
9,2022-01-10,561.5897752907558,5239.033601246765,2,0
10,2022-01-11,521.6065356741317,3999.6696510462943,6,0
11,2022-01-12,718.1410260444462,6673.98570701071,6,0
12,2022-01-13,614.155658772049,5161.559267238168,12,0
13,2022-01-14,518.2512524739243,6563.404745028929,6,0
14,2022-01-15,566.5794849118139,4209.476978166923,4,0
15,2022-01-16,550.05114910614,4092.699878474673,4,0
16,2022-01-17,724.1118609736409,5224.252220965682,6,0
17,2022-01-18,469.22626043512986,3321.311637171343,6,0
18,2022-01-19,546.9601552476352,5214.965590626093,4,0
19,2022-01-20,371.88563910474124,5097.219232002918,6,0
20,2022-01-21,117.0515276248882,6015.665281542101,5,0
21,2022-01-22,598.042789316054,5701.041341165097,5,0
22,2022-01-23,629.6654298289259,4582.522650114966,5,0
23,2022-01-24,388.67524693903374,3902.5033452297553,4,0
24,2022-01-25,840.4631935981411,6712.305221343297,6,0
25,2022-01-26,281.84514881018526,4207.88497943485,3,0
26,2022-01-27,506.8637775952169,3954.475442930534,4,0
27,2022-01-28,471.92242249612497,3915.143940538555,4,0
28,2022-01-29,729.9168821537686,6117.305315536664,4,0
29,2022-01-30,720.4038154850427,4481.099795575148,3,0
30,2022-01-31,523.2421138545375,4246.295533819399,5,0
31,2022-02-01,556.724377940326,5137.689825903347,4,0
32,2022-02-02,366.8321378554831,4793.055289442709,6,0
33,2022-02-03,202.88052976641097,4321.904539213753,5,0
34,2022-02-04,447.8131776010771,5753.991466978479,6,0
35,2022-02-05,523.452345365597,6065.315492097995,6,1
36,2022-02-06,684.5436021091581,5985.3175089398665,5,0
37,2022-02-07,680.3569773176616,5766.919669661199,8,0
38,2022-02-08,441.9009773888072,5402.625531130036,5,0
39,2022-02-09,454.6545874136997,3224.112000038171,6,0
40,2022-02-10,342.71705523993614,6669.250806376969,7,0
41,2022-02-11,286.99730942315375,5301.989210357553,7,0
42,2022-02-12,244.05947140624812,5608.156427600641,3,0
43,2022-02-13,792.6163092847685,6114.962322947402,7,0
44,2022-02-14,423.55217273725196,6433.352502881991,3,0
45,2022-02-15,434.28885475832203,5418.398011309193,4,0
46,2022-02-16,312.0806959925111,5435.5461592956535,7,0
47,2022-02-17,616.6235533747865,4400.77572254028,9,0
48,2022-02-18,257.9153228663073,5033.08975113876,5,0
49,2022-02-19,468.0889579679047,4145.838739185646,5,0
50,2022-02-20,365.68001582094865,4280.059467858106,2,0
51,2022-02-21,558.0353746788893,4106.4255976858085,3,0
52,2022-02-22,423.3792293646691,4843.976109002712,4,0
53,2022-02-23,322.9051723816382,6049.093187920011,4,0
54,2022-02-24,495.7726657492018,8170.97477329018,4,0
55,2022-02-25,564.2497805795626,5189.499637547913,9,0
56,2022-02-26,509.97758335747517,3651.58691224388,4,0
57,2022-02-27,545.3707846609672,6264.983329856256,4,0
58,2022-02-28,404.85168594785546,4699.216123523973,3,0
59,2022-03-01,445.5888251019293,4339.391406023008,6,0
60,2022-03-02,399.13093283360735,5209.849477923055,2,0
61,2022-03-03,446.0670257689188,3759.3754004437724,5,0
62,2022-03-04,378.0280576933319,5222.463164008606,4,0
63,2022-03-05,241.05760965024848,4911.624476800845,3,0
64,2022-03-06,526.6139213380629,5098.377906815475,4,0
65,2022-03-07,439.7328595687607,5381.416254209171,4,0
66,2022-03-08,255.4702479550933,5067.492257240807,8,0
67,2022-03-09,569.4173383288661,5016.338084112893,5,0
68,2022-03-10,363.9052453425137,5284.314518997944,4,0
69,2022-03-11,507.79180936942083,5415.4006261711265,3,0
70,2022-03-12,609.3635843266305,3968.5175396847426,9,0
71,2022-03-13,519.3474366136116,3570.0087413145516,5,0
72,2022-03-14,670.9101026814951,4938.361947827785,3,0
73,2022-03-15,314.7761269469521,3567.264510065892,4,0
74,2022-03-16,560.3512461766323,5087.531470921671,6,0
75,2022-03-17,397.27848635895305,5938.74687568231,7,0
76,2022-03-18,369.3804276227178,5607.111671916045,6,0
77,2022-03-19,413.1725502853377,3951.829593174527,6,0
78,2022-03-20,453.2671201808941,4139.737548042482,5,0
79,2022-03-21,508.4248013344618,5328.301295000755,6,0
80,2022-03-22,325.22752388249654,4598.70219486649,2,0
81,2022-03-23,635.1239730431281,4683.344704947893,11,0
82,2022-03-24,569.849365959569,5596.906481247954,3,0
83,2022-03-25,269.56344705841644,4012.7133065423477,7,0
84,2022-03-26,723.23782906934,4598.765290088818,5,0
85,2022-03-27,784.3833764045875,4199.917523915399,5,0
86,2022-03-28,676.8169356739476,3956.8705019646445,5,0
87,2022-03-29,473.01127462814736,4142.921811328835,4,0
88,2022-03-30,339.3871067734186,5677.462169346411,6,0
89,2022-03-31,658.1677590396705,5051.820389482422,5,0
90,2022-04-01,439.52345795402306,4120.839371164925,7,0
91,2022-04-02,683.3667605573642,4768.8983924070035,6,0
92,2022-04-03,531.241246711529,3361.192692877822,2,0
93,2022-04-04,646.495855472557,4266.687192416334,8,0
94,2022-04-05,553.4549595761603,7149.574534867286,4,0
95,2022-04-06,605.9859752287922,4909.7561503342495,3,0
96,2022-04-07,501.5750031081231,5731.658927030392,5,0
97,2022-04-08,767.8805740858752,4934.511624855517,1,0
98,2022-04-09,519.036813905543,5348.169235241809,10,0
99,2022-04-10,560.2984045167052,5663.258089679174,3,0
100,2022-04-11,782.4726045584382,3895.3834024735293,5,0
101,2022-04-12,297.836140828633,4969.063742726041,4,0
102,2022-04-13,309.42725022713995,6578.8651944164885,3,0
103,2022-04-14,645.4095062237017,4204.499449946709,5,0
104,2022-04-15,324.031489232876,4433.5601462677805,4,0
105,2022-04-16,791.543177847394,4692.308722632998,3,0
106,2022-04-17,437.9571528860379,5269.024073176247,5,0
107,2022-04-18,387.8817782838863,5524.917863645883,7,0
108,2022-04-19,788.4413039720578,6267.411654818657,1,0
109,2022-04-20,722.0772187151637,5499.498233468659,7,0
110,2022-04-21,780.1338440639854,4937.946874201666,6,0
111,2022-04-22,635.9066987413078,6259.167129610814,3,0
112,2022-04-23,370.8161472417946,5704.111022141582,9,0
113,2022-04-24,786.509742964855,3504.320483742984,2,0
114,2022-04-25,459.79949435729293,7526.368240355998,7,0
115,2022-04-26,620.3684593694593,6769.9213881967335,7,0
116,2022-04-27,642.0877951660622,4831.785777232926,5,0
117,2022-04-28,476.74848603637486,5377.910101738475,7,0
118,2022-04-29,592.1119055519121,6324.358749995839,4,0
119,2022-04-30,638.331000734979,4827.799207303117,7,0
120,2022-05-01,556.4638296733444,5730.351790377019,7,0
121,2022-05-02,335.0898814123708,6104.578473571477,7,0
122,2022-05-03,544.7357261309083,3985.174092265559,7,0
123,2022-05-04,698.9578845030545,4397.668146417138,2,0
124,2022-05-05,395.81482104029516,5921.408397810581,4,0
125,2022-05-06,477.5548189508494,5460.8144771488305,7,0
126,2022-05-07,434.7269672417544,5923.796560313947,5,0
127,2022-05-08,777.3895592719012,4867.431985346282,6,0
128,2022-05-09,600.8442135518653,4710.994789045767,7,0
129,2022-05-10,561.1192754361666,3001.3605244166274,6,0
130,2022-05-11,384.5125888332025,3853.999573492557,8,0
131,2022-05-12,580.8873786937726,5047.066094658494,4,0
132,2022-05-13,398.8501009013936,5824.557219564236,4,0
133,2022-05-14,504.7745837411527,5531.178366535695,2,0
134,2022-05-15,404.62308824316784,4871.758025972298,7,0
135,2022-05-16,601.464994241975,4728.228433509304,5,0
136,2022-05-17,586.4886224922411,5217.17963263828,7,0
137,2022-05-18,468.7551866633008,5078.211181092152,5,0
138,2022-05-19,559.4010068992468,6404.545514939712,4,0
139,2022-05-20,336.04077369042415,5146.44077047825,3,0
140,2022-05-21,276.31136109415917,3518.7540378027015,2,0
141,2022-05-22,565.9087551896805,3727.4418649676827,5,0
142,2022-05-23,525.0010243058794,6518.75933696358,8,0
143,2022-05-24,595.2547155338159,3828.83953854992,6,0
144,2022-05-25,857.4717162295913,5764.497453033534,2,0
145,2022-05-26,641.6719230485621,4731.627264790619,7,0
146,2022-05-27,363.07666618337623,4830.241706097515,4,0
147,2022-05-28,667.552443214378,4865.86721723158,6,0
148,2022-05-29,302.6138884232718,6221.384959459198,4,0
149,2022-05-30,430.76230927779363,4807.158171456035,6,0
150,2022-05-31,489.76375920130533,4966.680717154847,6,0
151,2022-06-01,757.0014082474049,3469.1965026005073,4,0
152,2022-06-02,388.286776692734,5206.690511708003,4,0
153,2022-06-03,376.03421920114783,5531.0425069780595,3,0
154,2022-06-04,485.2321213361852,5239.145580653787,4,0
155,2022-06-05,400.4782570456839,6397.896261086736,5,0
156,2022-06-06,668.995388315976,5055.171354780232,5,0
157,2022-06-07,338.01027374548653,5298.977456119018,6,0
158,2022-06-08,327.87970213833466,6648.504010268179,6,0
159,2022-06-09,434.3269932883349,3449.9858106418524,7,0
160,2022-06-10,425.29513239615426,4544.1746522006315,4,0
161,2022-06-11,789.4298080725479,6426.158752019266,3,1
162,2022-06-12,642.4131210388641,5936.129148311083,4,1
163,2022-06-13,513.1326862077786,5678.38009884047,2,0
164,2022-06-14,316.1846721754748,5832.650739464479,3,0
165,2022-06-15,626.6544464602321,5327.066209121022,5,0
166,2022-06-16,349.9676978915653,6631.5974275322715,10,0
167,2022-06-17,268.2843354833583,5377.759169730718,3,0
168,2022-06-18,678.2044688528453,5239.867105895279,3,0
169,2022-06-19,547.5413917887274,5158.9586741256435,3,0
170,2022-06-20,638.1288235671228,5192.863955550386,3,0
171,2022-06-21,547.8091479414531,3842.9827191841323,2,0
172,2022-06-22,628.5245917854037,5770.673054463343,4,0
173,2022-06-23,402.34616100497794,4869.560266216673,5,0
174,2022-06-24,344.86357373233034,6821.915097860406,7,0
175,2022-06-25,602.239177742244,4924.349529411577,5,0
176,2022-06-26,379.48855037392383,5420.9182841756565,6,0
177,2022-06-27,396.5675333374699,5246.602186261334,4,0
178,2022-06-28,431.6701244723985,4374.442964890746,6,0
179,2022-06-29,502.62187385375853,5992.136828518505,5,0
180,2022-06-30,446.90091331197743,6905.063640560018,2,0
181,2022-07-01,293.7573059872972,4985.222780340156,4,0
182,2022-07-02,403.4572395750664,4699.521214414578,5,0
183,2022-07-03,166.48952716633602,4644.971268944626,6,0
184,2022-07-04,593.7847176540781,3107.638106682659,10,0
185,2022-07-05,259.69135165898786,4822.186856296988,4,0
186,2022-07-06,334.3424990857324,5250.998116008324,3,0
187,2022-07-07,507.82476188914615,6054.757925180283,3,0
188,2022-07-08,389.065550541303,5960.047741149928,4,0
189,2022-07-09,731.4521893110103,4583.500917563308,2,0
190,2022-07-10,306.0714635414827,4723.177005226112,2,0
191,2022-07-11,540.0576304023774,6123.9053056144385,3,0
192,2022-07-12,494.10757726587565,4826.536102927121,2,0
193,2022-07-13,324.7859753388204,4489.9704602443835,3,0
194,2022-07-14,578.4914990797631,6392.518449434272,9,0
195,2022-07-15,474.26805031666277,6037.585667050635,10,1
196,2022-07-16,615.7685826820501,5018.791791774258,6,0
197,2022-07-17,623.5256230945597,4406.222552221332,5,0
198,2022-07-18,824.4853923921034,2988.119680755291,5,0
199,2022-07-19,700.4791924154588,5589.703605574724,6,0
200,2022-07-20,444.62272430863345,4103.63027744782,5,0
201,2022-07-21,464.093123363611,3037.267990859248,4,0
202,2022-07-22,664.948939383067,6584.820527349018,2,0
203,2022-07-23,598.2895596083897,5647.967791009888,7,0
204,2022-07-24,596.0197289146388,3860.9918068830348,3,0
205,2022-07-25,257.45659335337484,3785.598617040741,5,0
206,2022-07-26,496.3510813401597,5870.961782171619,6,0
207,2022-07-27,389.2953636191467,4122.02938346413,6,0
208,2022-07-28,541.9886898564857,6296.1498675278835,4,1
209,2022-07-29,485.2774415535563,5616.459312626155,4,0
210,2022-07-30,636.5268362138888,5536.5965205668235,4,0
211,2022-07-31,547.5827322786953,5404.6954556143,0,0
212,2022-08-01,617.9491943163464,5191.450872023912,6,0
213,2022-08-02,430.03713548960854,5880.51119917711,6,0
214,2022-08-03,358.33306161226244,4545.919637484395,5,0
215,2022-08-04,438.49254601961775,5085.951973434385,9,0
216,2022-08-05,497.4469379207839,5751.946587677196,2,0
217,2022-08-06,556.8727603332622,5562.989718586128,5,0
218,2022-08-07,838.8963426036278,3805.01319473134,4,0
219,2022-08-08,493.6614272509036,4499.590332695736,2,0
220,2022-08-09,356.60824992608343,5252.803505419154,5,0
221,2022-08-10,448.10273364509203,4591.985290960103,5,0
222,2022-08-11,430.46060380308586,6774.658560973333,5,0
223,2022-08-12,572.2222210660193,4606.8468052458875,2,0
224,2022-08-13,268.8804478333063,4837.781552423309,4,0
225,2022-08-14,509.48929913004974,5769.430178177304,6,0
226,2022-08-15,523.4759806948064,5330.532743234916,5,0
227,2022-08-16,534.8271554300413,4854.7255427952305,3,0
228,2022-08-17,410.4025896551956,4243.506471119252,1,0
229,2022-08-18,464.31174053959893,5301.5140573967665,7,0
230,2022-08-19,286.3908636526203,6039.096440378393,4,0
231,2022-08-20,426.0020174956709,5479.095224098229,4,0
232,2022-08-21,418.57077859749234,4221.816478543878,1,0
233,2022-08-22,562.4075069392138,6736.774956976711,5,0
234,2022-08-23,326.5726352267131,3553.4221099641054,5,0
235,2022-08-24,617.179715256499,3417.314358197211,3,0
236,2022-08-25,724.1726816737053,5960.557224457229,2,0
237,2022-08-26,189.5022462479701,5225.84047860269,3,0
238,2022-08-27,563.9388096167152,4450.50145369596,3,0
239,2022-08-28,601.5362052545369,3901.4292724446705,6,0
240,2022-08-29,404.38444616716566,7320.799839280298,3,0
241,2022-08-30,440.40922785068034,5117.0908721554415,8,0
242,2022-08-31,480.06791336195664,5534.201170845771,8,0
243,2022-09-01,455.33136808974075,5317.8850972381815,6,0
244,2022-09-02,453.6480546429317,5434.807957731158,2,0
245,2022-09-03,248.5994290505035,5540.094460524806,3,0
246,2022-09-04,672.849734717468,5732.424009754876,2,0
247,2022-09-05,661.9427888055232,4624.777599239327,1,0
248,2022-09-06,377.9953611193696,4708.358013648155,4,0
249,2022-09-07,280.0363508296229,3258.9771916410987,5,0
250,2022-09-08,578.1597314679138,4219.695593498461,8,0
251,2022-09-09,413.6318045280401,5271.112796446715,7,0
252,2022-09-10,521.2929744981169,6045.02337550269,5,0
253,2022-09-11,452.10073742823573,5599.039526376184,3,0
254,2022-09-12,603.730812660528,4659.30765612207,2,0
255,2022-09-13,604.2123715484009,3736.827087914846,5,0
256,2022-09-14,391.1603932304624,2222.6408545725667,3,0
257,2022-09-15,292.4954066907417,6151.733974780799,4,0
258,2022-09-16,262.55924039973775,4410.77101348985,3,1
259,2022-09-17,591.5569068660808,4551.534993795941,5,0
260,2022-09-18,321.67111133239564,5131.573967908069,7,0
261,2022-09-19,423.97754685519686,3594.43995260811,5,0
262,2022-09-20,410.5528942324238,4650.217819888463,4,0
263,2022-09-21,492.11490555956806,7023.471949769974,7,0
264,2022-09-22,209.55802912302397,5505.386938577342,5,0
265,2022-09-23,528.3167895190743,5359.249156513456,9,0
266,2022-09-24,578.5836535751308,3417.505522018241,5,0
267,2022-09-25,513.2633130566992,7243.60189458264,5,0
268,2022-09-26,453.3670742452292,3577.2050913736575,5,0
269,2022-09-27,514.6100249403175,6922.324755444399,6,0
270,2022-09-28,559.8569518460196,2884.9439848121924,7,0
271,2022-09-29,84.11108653600246,6405.3654387244205,6,0
272,2022-09-30,793.3868462376041,6618.054269000226,5,0
273,2022-10-01,558.513998403189,4175.590878672166,5,0
274,2022-10-02,402.138712641947,5422.580372272882,8,0
275,2022-10-03,441.35699372185985,5547.480572104665,5,0
276,2022-10-04,574.0612666023783,4186.205516768694,9,0
277,2022-10-05,482.58440914484504,3550.88238926307,5,0
278,2022-10-06,195.39732983277582,3682.2826568592345,6,0
279,2022-10-07,809.6739292038978,5541.008219959807,5,0
280,2022-10-08,483.4189014151291,4914.884397480594,3,0
281,2022-10-09,653.02590675737,4435.69896669784,13,0
282,2022-10-10,396.1925228323413,5966.76801116646,4,0
283,2022-10-11,730.4565581368697,5508.067909391478,4,0
284,2022-10-12,542.951553333842,4244.537273634367,5,0
285,2022-10-13,591.3265751713176,3798.7984809826107,3,0
286,2022-10-14,343.2119950779568,5523.261738688077,6,0
287,2022-10-15,681.6717934524052,4462.416631441938,7,0
288,2022-10-16,603.4727246802182,5099.204862531503,4,0
289,2022-10-17,695.2769344347498,6576.298972627717,3,0
290,2022-10-18,405.78686605376316,5502.328240074779,8,0
291,2022-10-19,427.84593223088183,4137.733000246763,3,0
292,2022-10-20,845.5875046525913,5160.6611898197725,6,0
293,2022-10-21,340.9976265917679,4047.355047184612,4,0
294,2022-10-22,479.6075448982519,6608.522155948724,6,0
295,2022-10-23,670.5337043904043,4438.421250396779,7,0
296,2022-10-24,514.6587451572284,5207.270746973619,5,0
297,2022-10-25,587.443051962994,5307.732574679432,6,0
298,2022-10-26,440.0826456105687,5159.2504683737025,5,0
299,2022-10-27,555.5083831771278,3041.451044863461,2,0
300,2022-10-28,304.0209722397025,3553.5789360166714,5,0
301,2022-10-29,748.7196019427282,4547.6497244309085,4,0
302,2022-10-30,482.27539323071454,5319.4318333315305,3,1
303,2022-10-31,397.9732694004724,4862.220785714229,6,0
304,2022-11-01,599.9574623047871,4042.852526848983,3,0
305,2022-11-02,430.892031891717,3651.575680878299,3,0
306,2022-11-03,299.86122928958696,4598.442455500656,2,0
307,2022-11-04,297.99237413036667,4531.523955320277,2,0
308,2022-11-05,604.0659729035199,5512.836457592757,3,0
309,2022-11-06,476.06398427806,4673.681537841682,3,0
310,2022-11-07,479.94476604973414,5602.707656429329,2,0
311,2022-11-08,661.6615708964393,4405.350230279595,3,0
312,2022-11-09,330.97612868648844,4744.042330785732,4,0
313,2022-11-10,390.3983370702763,4651.953620357381,3,0
314,2022-11-11,442.2680286228087,4217.63303309791,3,0
315,2022-11-12,514.152738397561,5625.11865643373,6,0
316,2022-11-13,493.67428230641315,4186.404002905493,7,0
317,2022-11-14,456.96692114151386,4478.358490029381,8,0
318,2022-11-15,490.75603968565287,4926.880354051803,2,0
319,2022-11-16,483.9042085563238,3702.62034404326,7,0
320,2022-11-17,392.05934171723106,4675.065041679501,9,0
321,2022-11-18,378.0510517168884,4288.693640257212,8,1
322,2022-11-19,541.1774536585909,4611.8458075177505,7,0
323,2022-11-20,366.3627375506708,4940.07199732891,7,0
324,2022-11-21,326.39671112137194,4200.086376859335,1,0
325,2022-11-22,453.156162331146,4779.924220179644,4,0
326,2022-11-23,476.3499475754276,6308.66875235218,2,0
327,2022-11-24,838.5085245947314,4974.201441745513,6,0
328,2022-11-25,394.29495862156494,6145.262173019225,6,0
329,2022-11-26,641.4891087454242,5346.49444200676,3,0
330,2022-11-27,612.0782501306948,5774.160609818817,3,0
331,2022-11-28,321.6582567194396,4225.541031229174,9,0
332,2022-11-29,615.9879466103899,5104.907165085513,4,0
333,2022-11-30,322.4179039710024,5133.9129226154755,6,0
334,2022-12-01,101.12416430048887,4387.374261125065,4,0
335,2022-12-02,590.9479286539071,4177.171675705718,6,0
336,2022-12-03,236.6164124843421,3509.734612092702,4,0
337,2022-12-04,567.6401692708872,6496.1396369516315,6,0
338,2022-12-05,397.3983653394175,4027.5971106475026,9,0
339,2022-12-06,748.9326194284808,6346.2210732223,1,0
340,2022-12-07,660.2764098974013,4532.506826342146,6,0
341,2022-12-08,431.99212942229184,4137.506700275266,5,0
342,2022-12-09,396.82435834569765,5622.519140304998,3,0
343,2022-12-10,317.8883895358819,4368.808058253143,3,0
344,2022-12-11,433.8616051561113,5568.458918924277,9,0
345,2022-12-12,457.9466757223236,4667.188235147791,6,0
346,2022-12-13,445.2959683412472,5480.4244961177865,5,0
347,2022-12-14,523.5055782908546,4031.8139360928953,5,0
348,2022-12-15,586.7782246593317,5831.351057984768,4,0
349,2022-12-16,552.4481685489761,5487.972682663005,2,0
350,2022-12-17,385.37841141403356,4080.349309937338,4,0
351,2022-12-18,284.33127892976324,7642.935721014742,6,0
352,2022-12-19,704.6797772153707,5540.123026400494,5,0
353,2022-12-20,396.58262231750933,7290.467070530539,3,0
354,2022-12-21,402.1559600097471,6600.267818748759,6,0
355,2022-12-22,421.8216031548334,4811.165219782216,2,0
356,2022-12-23,223.53956747650273,4587.728245395457,4,0
357,2022-12-24,428.303899393927,4596.540816579199,4,0
358,2022-12-25,428.05162789880785,3169.97144957219,4,0
359,2022-12-26,593.0537447515269,4304.164880650453,5,0
360,2022-12-27,604.7685723661004,5246.766023979971,6,0
361,2022-12-28,500.5656333629404,6525.957560884808,3,0
362,2022-12-29,639.7772561171455,4227.2281170217975,8,0
363,2022-12-30,550.9947475701892,5882.056599363011,2,0
364,2022-12-31,497.64768325961677,3747.4066584966813,8,0
365,2023-01-01,524.1392252447334,4413.679974788867,2,0
366,2023-01-02,471.4019759627901,4542.359405710474,2,0
367,2023-01-03,440.77257289498243,5371.811081497493,7,0
368,2023-01-04,459.839969465905,5457.3096467208115,5,0
369,2023-01-05,330.79830027949896,5962.3417448143455,3,0
370,2023-01-06,542.0662557974445,5770.836960404937,3,0
371,2023-01-07,351.0314583605629,5243.168215402492,2,0
372,2023-01-08,626.2446896110455,5390.364943508623,5,0
373,2023-01-09,462.5812129758577,6588.530691097532,1,0
374,2023-01-10,507.4242472475136,4489.073818767737,1,0
375,2023-01-11,574.0755164421435,5774.728319067162,2,0
376,2023-01-12,596.4971697594392,3191.8560735017486,5,0
377,2023-01-13,264.40648870498205,5411.334242897608,7,0
378,2023-01-14,468.9644485754042,4516.750457520892,7,0
379,2023-01-15,632.0268368121174,5002.57118243151,6,0
380,2023-01-16,245.28412708516183,6040.086245053703,4,0
381,2023-01-17,558.0920713092595,5164.6438095263975,3,0
382,2023-01-18,161.66536558967158,5885.1875412089275,2,0
383,2023-01-19,346.62397345465945,6473.764815138405,6,0
384,2023-01-20,505.7945827760282,5389.093968865721,4,0
385,2023-01-21,251.49273465170694,6171.041064620488,5,0
386,2023-01-22,352.1733893473774,4673.439022320792,7,0
387,2023-01-23,279.22474888046196,4991.790117730386,4,0
388,2023-01-24,747.220239831134,4477.380583601522,7,0
389,2023-01-25,524.6341633231001,6042.977594646376,6,0
390,2023-01-26,585.0935416779004,5414.091353793595,8,0
391,2023-01-27,466.5987349227268,4492.765538105077,9,0
392,2023-01-28,446.98523768642013,5154.668833646332,5,0
393,2023-01-29,257.5288717023451,6041.568388818581,6,0
394,2023-01-30,456.2243955878206,4960.732008962047,4,0
395,2023-01-31,385.7761682282565,4051.0671891502366,7,0
396,2023-02-01,628.6885886438504,5131.911755787412,3,0
397,2023-02-02,671.165279998636,3019.4344089310603,4,0
398,2023-02-03,719.9868073361266,5768.770644399475,7,0
399,2023-02-04,627.8827909191848,4578.67241267532,4,0
400,2023-02-05,410.2019094615521,4530.689263720893,3,0
401,2023-02-06,332.61545210594085,5875.695678779507,4,0
402,2023-02-07,614.9994772467629,3634.837122774831,5,0
403,2023-02-08,553.4439226208433,6947.098642820358,4,0
404,2023-02-09,234.7192323984454,4519.757958261776,6,0
405,2023-02-10,553.3222689115654,4476.749056615105,1,0
406,2023-02-11,622.17797337318,6021.224743167163,1,0
407,2023-02-12,508.8388383772445,5708.695273110427,6,0
408,2023-02-13,472.2419493485988,7451.229719075076,9,0
409,2023-02-14,378.85272685754666,4788.79401636848,3,0
410,2023-02-15,283.01979506549185,4879.59336133559,3,0
411,2023-02-16,620.0446924010041,3520.6840200367465,4,0
412,2023-02-17,453.6328332842437,4667.897722651175,4,0
413,2023-02-18,464.9800007684461,4278.568704428244,3,0
414,2023-02-19,759.9081780378699,4551.232986894501,6,0
415,2023-02-20,602.6751660288786,3255.8122434460447,7,0
416,2023-02-21,555.6237501921653,6660.6075598945135,3,0
417,2023-02-22,521.3092707780853,3583.3965175743597,3,0
418,2023-02-23,727.9992291148659,2197.7972016082867,7,0
419,2023-02-24,757.9383961124292,3811.5755784169805,3,0
420,2023-02-25,639.4257667219292,4396.160447203849,4,0
421,2023-02-26,587.3336887096887,3850.4459367428817,2,0
422,2023-02-27,185.80953931907828,6098.303540732512,10,0
423,2023-02-28,518.558287135026,4862.160821403906,5,0
424,2023-03-01,480.4839568709444,5025.385604406459,4,0
425,2023-03-02,514.0929844078353,5610.391764305413,6,0
426,2023-03-03,641.4569130983776,5286.012526978118,8,0
427,2023-03-04,89.04842492156655,5978.567297446043,4,0
428,2023-03-05,414.60319197947223,3890.522446363855,9,0
429,2023-03-06,540.4856532411142,4452.481899320568,1,0
430,2023-03-07,429.97316809208564,5665.967146069538,8,0
431,2023-03-08,287.4640830310611,2465.44553791577,3,0
432,2023-03-09,630.3445230345193,3624.815520682759,2,0
433,2023-03-10,541.5307858769193,5500.992232179947,3,0
434,2023-03-11,354.33431443332734,4519.750965005074,4,0
435,2023-03-12,547.2225806773736,5936.1075501096975,5,0
436,2023-03-13,623.2378568074694,5809.180296853163,5,0
437,2023-03-14,500.79389694490413,3801.907119808962,3,0
438,2023-03-15,620.0847205146495,5406.657087466881,2,0
439,2023-03-16,511.7390262742492,6201.697855667507,4,0
440,2023-03-17,440.71565260184684,5147.434401650972,3,1
441,2023-03-18,326.08692254001306,4022.535122754131,4,0
442,2023-03-19,487.1103849542581,5879.38994191337,3,0
443,2023-03-20,529.1439407068658,5635.424526553996,5,0
444,2023-03-21,631.3749142380997,5542.610783498796,4,0
445,2023-03-22,482.733879726916,5715.938893436992,6,0
446,2023-03-23,568.6123409331486,2005.387139772381,3,0
447,2023-03-24,355.3081979399407,5880.937561080971,5,1
448,2023-03-25,382.6056266258712,6808.131810578975,3,0
449,2023-03-26,483.44160514596683,5436.638474629293,4,0
450,2023-03-27,341.80573040224795,5192.728996499727,5,0
451,2023-03-28,623.0371755987022,5696.438673391439,6,0
452,2023-03-29,569.4695493977911,5338.2254736851155,5,0
453,2023-03-30,541.864364658868,5651.781261700616,9,0
454,2023-03-31,550.8356187823916,5001.471000245411,7,0
455,2023-04-01,803.1565342227196,4233.2951454631,6,0
456,2023-04-02,429.6703718049807,3995.6772877853864,2,0
457,2023-04-03,169.78380717491632,4001.808271768136,5,0
458,2023-04-04,529.8950295344698,3626.957449049105,9,0
459,2023-04-05,492.4094688557501,3932.2579889808935,8,0
460,2023-04-06,422.3721436234395,6761.266127419864,9,0
461,2023-04-07,353.1755210961845,5754.095663656242,4,0
462,2023-04-08,434.12157172967784,4374.972609315329,9,0
463,2023-04-09,527.2007643826732,4609.607306014492,6,0
464,2023-04-10,424.57749490361925,5112.557530906454,4,0
465,2023-04-11,861.8680519315623,4344.454970515642,7,0
466,2023-04-12,355.9243427550278,5067.516857174325,7,0
467,2023-04-13,381.0323955938493,5777.604137902912,7,0
468,2023-04-14,156.70699399782075,4964.257266451827,3,0
469,2023-04-15,537.7226622532305,5336.015742661992,6,0
470,2023-04-16,197.539005830036,5886.491539359616,3,0
471,2023-04-17,419.0818049938248,4727.868243981792,4,0
472,2023-04-18,458.6494198159165,5284.790599134363,4,0
473,2023-04-19,393.54080512296673,4690.622407116639,4,0
474,2023-04-20,760.8309016181767,4971.471130165583,9,0
475,2023-04-21,649.1591586973249,4675.26973491704,4,0
476,2023-04-22,697.8705314452363,4471.130146443885,0,0
477,2023-04-23,367.6371772175122,5173.711852987023,3,0
478,2023-04-24,669.2891096771853,5566.545315818213,5,0
479,2023-04-25,574.4001419515944,5146.304446001044,4,0
480,2023-04-26,615.7108923015269,5498.726958311932,6,0
481,2023-04-27,654.4158243174151,4262.06821975877,3,0
482,2023-04-28,363.685513106142,3796.2648078002203,7,0
483,2023-04-29,436.35235685331475,5417.043502967604,5,0
484,2023-04-30,629.3894016992676,5687.881391174755,6,0
485,2023-05-01,101.6571360537601,5049.857266599823,4,0
486,2023-05-02,726.9992123859807,6348.035780424719,3,0
487,2023-05-03,582.9698096311377,5907.698797987899,8,0
488,2023-05-04,493.1444059009648,7680.570840769,6,0
489,2023-05-05,533.076148363576,4799.191486004334,4,0
490,2023-05-06,345.50970750365354,4001.151203904632,6,0
491,2023-05-07,447.5084953116343,4259.863209260487,3,0
492,2023-05-08,665.042650733056,4434.502193625343,5,0
493,2023-05-09,694.7032958489332,5476.031383438114,7,0
494,2023-05-10,904.433607884537,2841.931436038743,4,0
495,2023-05-11,488.91130005793775,6318.551018090837,8,0
496,2023-05-12,401.21705497924944,4760.703408857656,6,0
497,2023-05-13,422.8649051090017,4753.206442211248,3,0
498,2023-05-14,347.2937187068953,3920.6568339750047,4,0
499,2023-05-15,488.3217866088724,4885.77444854982,6,0
500,2023-05-16,557.4098645018403,5013.239767667534,8,0
501,2023-05-17,494.86365792020695,4878.055072399723,10,0
502,2023-05-18,664.4520268498698,5339.05925594243,5,0
503,2023-05-19,464.8676297983195,4410.36795804897,10,0
504,2023-05-20,447.8824021252155,4104.184239589173,3,0
505,2023-05-21,412.8097284709512,5548.32813049798,6,0
506,2023-05-22,255.10482106482573,5098.667453815796,4,0
507,2023-05-23,264.8348413537319,5197.181055197368,6,0
508,2023-05-24,323.12631040434684,6059.027254441966,2,0
509,2023-05-25,695.2142107497141,3977.4356087393144,5,0
510,2023-05-26,634.2890409334896,4144.759542749136,6,0
511,2023-05-27,706.2446099589484,6257.219650828994,6,0
512,2023-05-28,300.1682518108247,3517.1166424259573,9,0
513,2023-05-29,204.70629653209699,3690.587853668986,5,0
514,2023-05-30,400.99155197988756,5817.861831184996,4,1
515,2023-05-31,526.3728429944042,5238.200192022038,7,0
516,2023-06-01,574.8035412364741,5105.232137059276,3,0
517,2023-06-02,657.195823395208,4908.340591899617,2,0
518,2023-06-03,542.6419506210822,5031.26754702757,8,0
519,2023-06-04,761.4003170983447,4907.887885308044,3,0
520,2023-06-05,466.6091478577519,6355.442702594419,10,0
521,2023-06-06,363.0381172937306,4601.851871249924,5,0
522,2023-06-07,247.81726767583498,4838.626463722221,5,0
523,2023-06-08,366.6542962856825,6794.448805225074,4,0
524,2023-06-09,536.3176941477684,5027.509702029835,6,0
525,2023-06-10,366.6919613969554,7232.016389525177,3,0
526,2023-06-11,640.5113695302886,4895.020298981047,5,0
527,2023-06-12,711.8491559056165,6367.414982460158,4,0
528,2023-06-13,144.56196421600953,3344.6559616903223,2,0
529,2023-06-14,629.6078450746472,5153.644460815666,5,0
530,2023-06-15,164.05939120073947,3415.5264368490643,0,0
531,2023-06-16,560.2248582635432,5844.454306604586,2,0
532,2023-06-17,683.730584629049,3787.1321837909754,7,0
533,2023-06-18,509.7284159515364,5283.769554383345,1,0
534,2023-06-19,308.0466240193641,4717.804123309565,4,0
535,2023-06-20,412.18531935833414,3841.796814815971,4,0
536,2023-06-21,460.7531831433649,3380.6400171024575,5,0
537,2023-06-22,472.66328243150855,4488.95953641989,4,0
538,2023-06-23,469.56547388499996,6740.629445895331,8,0
539,2023-06-24,483.51758310360293,4706.514945110623,7,0
540,2023-06-25,532.0220073365253,5917.221542115856,6,0
541,2023-06-26,318.71395194001684,4942.957132337812,1,0
542,2023-06-27,463.69702551946705,5876.726773690452,2,0
543,2023-06-28,727.7391755533558,3173.0886216954823,8,0
544,2023-06-29,442.30318652862235,4596.811693150466,3,0
545,2023-06-30,433.42458602672036,5949.405523793219,6,0
546,2023-07-01,661.7295955571357,4836.745051166821,7,0
547,2023-07-02,116.12230004838551,4913.544717288953,6,0
548,2023-07-03,677.2067901932429,4569.538088114207,6,0
549,2023-07-04,405.2144362992249,6149.379383367124,2,0
550,2023-07-05,524.589285867888,5297.514353954946,6,0
551,2023-07-06,514.4482033881795,5044.0222761753475,4,0
552,2023-07-07,641.370217883059,5643.054545339292,3,1
553,2023-07-08,459.86078806469783,5588.224929117937,2,0
554,2023-07-09,398.29613276533246,5212.587046437537,5,0
555,2023-07-10,694.6768685976648,6547.031496990845,0,0
556,2023-07-11,145.37392742882298,4939.712466360881,4,0
557,2023-07-12,503.0501272557865,5278.081047967944,5,0
558,2023-07-13,297.811186605632,4357.04744664711,4,0
559,2023-07-14,385.76399176151614,5150.115227006129,8,0
560,2023-07-15,801.6885022194706,6587.761523745367,6,0
561,2023-07-16,493.31068603162146,4356.742398211261,3,0
562,2023-07-17,529.2604545727072,3866.4071743615414,4,0
563,2023-07-18,232.7655716441613,5996.759642819816,4,0
564,2023-07-19,390.6433011807957,4851.233847766321,2,0
565,2023-07-20,529.4836101093177,5096.00420496977,2,0
566,2023-07-21,553.2136539669827,4954.886696306665,7,0
567,2023-07-22,592.5329831589918,5079.121723929535,5,0
568,2023-07-23,501.29418483763646,5850.530683523438,3,0
569,2023-07-24,579.0506312681989,4160.875809400726,7,0
570,2023-07-25,568.0672868953526,3988.2259158945117,7,0
571,2023-07-26,225.5389383493203,5084.9681370377075,7,0
572,2023-07-27,505.55085828652244,3393.5603105501673,3,0
573,2023-07-28,615.1853611599056,3626.9464639580715,6,0
574,2023-07-29,588.4819731101779,6866.683148331627,3,0
575,2023-07-30,445.4211785043815,5757.468330061404,6,0
576,2023-07-31,379.15602386909484,4989.943528130985,1,0
577,2023-08-01,332.25321135175517,6238.0069359584395,4,0
578,2023-08-02,480.34189826878816,3959.400769914855,3,0
579,2023-08-03,669.9619819339582,4684.396876614142,10,0
580,2023-08-04,207.22938477775966,5623.453609424382,3,0
581,2023-08-05,401.0162405405753,5890.671681431395,4,0
582,2023-08-06,329.0296316859839,5512.916846827777,4,0
583,2023-08-07,617.7436281860751,2458.761192311775,4,0
584,2023-08-08,416.8535560143049,4031.9178823354223,1,0
585,2023-08-09,429.4043512767813,5477.068092356865,11,0
586,2023-08-10,467.4575645095027,4644.048506953193,4,0
587,2023-08-11,566.8089876342196,7540.231620759172,6,0
588,2023-08-12,441.1416502775545,5926.558300967096,7,0
589,2023-08-13,43.078541780010994,5558.081880618665,5,1
590,2023-08-14,581.496783708128,3883.0504462532763,3,0
591,2023-08-15,565.8564436508063,4964.703260397085,7,0
592,2023-08-16,467.068845750318,5241.203964218953,1,0
593,2023-08-17,337.39450689920983,6127.783630127802,4,0
594,2023-08-18,552.7670166022037,5881.131097099633,8,0
595,2023-08-19,556.885330030338,6032.989194519945,6,0
596,2023-08-20,429.4950675948688,4076.0879841899978,2,0
597,2023-08-21,467.4902794136692,6412.15169829863,6,0
598,2023-08-22,360.4765246213518,3619.5692476927306,4,0
599,2023-08-23,473.21163618690065,4464.085438333838,5,0
600,2023-08-24,267.43559823747785,5430.771134945641,5,0
601,2023-08-25,562.5978231547754,4850.10840826686,4,0
602,2023-08-26,358.3447263763559,3993.9631420796086,5,1
603,2023-08-27,535.7154721748468,4178.450174396868,2,0
604,2023-08-28,289.1055625598151,3451.745677150958,8,0
605,2023-08-29,411.49135311956906,5531.974639007191,2,0
606,2023-08-30,483.42658924011084,6260.568845042149,7,0
607,2023-08-31,250.8950282196105,4899.606496598634,8,0
608,2023-09-01,517.2721809710138,4599.6511849865765,4,0
609,2023-09-02,443.1278655680116,3527.6770715335106,2,0
610,2023-09-03,238.64657032861544,5913.201924252177,3,0
611,2023-09-04,304.51358688315264,7211.304333239494,6,0
612,2023-09-05,590.768012612325,3202.5441956331024,4,0
613,2023-09-06,634.3333978326987,3936.5670618453933,4,0
614,2023-09-07,480.21370403300494,4320.406957455856,6,0
615,2023-09-08,560.7142718060746,4435.682090317511,4,0
616,2023-09-09,533.5765344969366,5227.345950143481,6,0
617,2023-09-10,549.4434473191607,6614.2495472802275,3,0
618,2023-09-11,692.8976010620439,6008.597286860104,5,0
619,2023-09-12,273.95024026785916,5527.5973827743155,3,0
620,2023-09-13,601.4691098542435,4276.071295941398,4,0
621,2023-09-14,442.698656663327,3880.3717663195457,5,0
622,2023-09-15,466.36115986225394,4203.224693693699,2,0
623,2023-09-16,454.6625404317395,6548.066801378738,4,0
624,2023-09-17,443.7279325008074,4938.256698542099,7,0
625,2023-09-18,316.07057123254714,4553.163746337379,8,0
626,2023-09-19,527.5008798886402,4816.244269750007,7,0
627,2023-09-20,750.6414549183286,5824.618219638468,6,0
628,2023-09-21,491.58004693268646,3687.1503254502086,7,0
629,2023-09-22,499.7922435897356,6414.874135922422,3,0
630,2023-09-23,396.90514442650044,5156.476256946299,11,0
631,2023-09-24,482.3788180372833,4783.656021704274,3,0
632,2023-09-25,569.9249639051046,5442.846113746739,3,0
633,2023-09-26,444.46363389434856,5218.397073129937,8,0
634,2023-09-27,431.92939384219983,4655.803543532619,9,0
635,2023-09-28,560.489681024487,4747.289327958393,3,0
636,2023-09-29,362.2992845271432,4131.137453134048,6,0
637,2023-09-30,537.8744940615309,5656.390750859302,5,0
638,2023-10-01,623.0482695892133,4468.006190588838,7,0
639,2023-10-02,703.9922812519226,4043.7415775677173,3,0
640,2023-10-03,486.442698908458,5165.863522653537,6,0
641,2023-10-04,705.139585971007,6329.141282745553,5,0
642,2023-10-05,655.1614829722278,4951.65537622018,7,0
643,2023-10-06,350.56810394434007,4391.89874304831,6,0
644,2023-10-07,317.30922326102734,5403.896020835974,1,0
645,2023-10-08,454.25545432183696,6936.712462402552,5,0
646,2023-10-09,654.3403238892281,3548.0944705682527,7,0
647,2023-10-10,489.15694886599925,5382.202787785293,5,0
648,2023-10-11,409.9013663513317,5205.086625231854,5,0
649,2023-10-12,732.8364770072841,6161.533803559118,4,0
650,2023-10-13,543.035673200502,5990.909173684845,5,0
651,2023-10-14,151.91085863138875,4813.29088819022,5,0
652,2023-10-15,547.5740939439033,3315.482744575117,9,0
653,2023-10-16,578.0060921856302,5806.563767896259,8,0
654,2023-10-17,533.8412981706656,4164.807309808517,5,0
655,2023-10-18,567.4568150347989,4053.2595890428106,3,0
656,2023-10-19,489.90865866155275,6148.350580691126,4,0
657,2023-10-20,302.2406195532899,4089.1496223613476,5,0
658,2023-10-21,444.39439951693197,6402.844740100243,8,0
659,2023-10-22,358.1576306665563,5335.844721405313,6,0
660,2023-10-23,360.08886338084335,5319.118400086282,8,0
661,2023-10-24,310.5397476346587,5307.264780505591,3,0
662,2023-10-25,567.873363895947,3361.5763742582076,4,0
663,2023-10-26,514.684421811894,3223.611383653424,2,0
664,2023-10-27,432.7751955978938,5215.553053788684,6,0
665,2023-10-28,402.5993108404418,5568.00735922642,5,0
666,2023-10-29,496.4865342467822,5082.611032156201,5,0
667,2023-10-30,661.8792092168734,4178.465482980472,5,0
668,2023-10-31,199.36764267516276,5018.922103882195,2,0
669,2023-11-01,556.5314781276339,4917.965846854516,7,0
670,2023-11-02,418.1432038973326,4042.8419017245897,9,0
671,2023-11-03,217.31212325308286,6013.972154112162,3,0
672,2023-11-04,208.14453752540618,3269.7239384499144,6,0
673,2023-11-05,363.08247587970624,5588.742406807506,3,0
674,2023-11-06,532.9264333689567,5384.323405211246,5,0
675,2023-11-07,558.9594400970137,6009.711854811714,5,0
676,2023-11-08,359.1527640983322,3994.6881276511413,6,0
677,2023-11-09,652.5531487119868,5101.407146668211,3,0
678,2023-11-10,713.447524477416,7171.164949318166,5,0
679,2023-11-11,559.412987743484,5662.074288999706,6,0
680,2023-11-12,411.28959982878337,5100.581208728963,4,0
681,2023-11-13,668.6628776765552,5539.161274114196,3,0
682,2023-11-14,613.3093543495007,5086.17684238012,3,0
683,2023-11-15,630.1111117032377,7190.89801323984,5,0
684,2023-11-16,401.5304487542703,5983.6361957891795,3,0
685,2023-11-17,74.81682420879463,4914.3850457695025,2,0
686,2023-11-18,817.5186532225513,5252.331431384521,3,0
687,2023-11-19,258.3682394825099,4609.2020039189865,5,0
688,2023-11-20,494.6347892209668,6209.850126410305,1,0
689,2023-11-21,857.1118026829625,3593.895228608989,5,0
690,2023-11-22,549.5865134411561,3395.261470139013,4,0
691,2023-11-23,642.3869710337353,6458.7147496759935,2,0
692,2023-11-24,274.6405145927431,7153.119792570583,5,0
693,2023-11-25,233.34995678994403,5468.304907689591,3,0
694,2023-11-26,420.0945812030668,5112.737941235737,4,0
695,2023-11-27,663.612460165175,5657.267690304778,3,0
696,2023-11-28,448.0625828529035,4352.94647361724,4,0
697,2023-11-29,380.8045518392752,5171.243545152212,6,0
698,2023-11-30,529.6950934917451,5038.908705856215,7,0
699,2023-12-01,662.2902827715898,5626.56425074536,7,0
700,2023-12-02,283.25897013899424,3442.001471816604,5,0
701,2023-12-03,318.41855088149725,4492.965230234662,7,0
702,2023-12-04,381.6996118235951,5844.995603000837,4,0
703,2023-12-05,664.1957562068137,4324.406172369937,7,1
704,2023-12-06,535.2232288923097,4006.6386245768645,2,0
705,2023-12-07,819.8230115855665,7042.072149826954,4,0
706,2023-12-08,640.4668588746674,5038.1180001794,2,0
707,2023-12-09,494.73572346954944,4421.081860056792,3,0
708,2023-12-10,689.7616757133148,3307.6295625258917,6,0
709,2023-12-11,531.7245519097817,5729.346346280427,3,0
710,2023-12-12,394.26179712388324,5699.136153718694,3,0
711,2023-12-13,601.9962266367654,4701.240399430064,7,0
712,2023-12-14,395.55100192083756,3897.7698090929093,7,0
713,2023-12-15,456.44043487941997,4975.450576357621,11,0
714,2023-12-16,699.1674043936974,4164.143932518378,6,0
715,2023-12-17,484.8077770673901,4057.906411126884,7,0
716,2023-12-18,379.52879189875574,4896.787248538292,3,0
717,2023-12-19,430.34934628467624,3948.6096013399356,6,0
718,2023-12-20,653.268587838301,5246.648955252446,4,0
719,2023-12-21,417.11889898749064,5607.992509406397,6,0
720,2023-12-22,441.969372972403,4160.367552826809,8,0
721,2023-12-23,423.4560890549557,3631.7549046616095,4,0
722,2023-12-24,527.5888241510465,6561.279598955807,2,0
723,2023-12-25,442.17653594365873,4059.729764042795,6,0
724,2023-12-26,259.7245926541194,4340.057294897662,6,0
725,2023-12-27,366.92285872324396,5213.017167429887,1,0
726,2023-12-28,360.08164377403426,5599.3693725222965,6,0
727,2023-12-29,686.4979076682732,4743.683106310357,4,0
728,2023-12-30,621.9011063163564,5460.7943277012555,4,0
729,2023-12-31,588.088906909974,4599.013842103599,7,0
730,2024-01-01,424.1962524103385,4028.8293351756092,3,0
731,2024-01-02,377.6312687009043,6426.3168607870275,6,0
732,2024-01-03,423.87235975139646,7488.441614331128,14,0
733,2024-01-04,342.21798461724893,6695.969533014169,3,0
734,2024-01-05,874.5800587380511,5141.806639153455,8,0
735,2024-01-06,163.2017527442897,6833.435361815678,6,0
736,2024-01-07,584.6012802610713,5355.703515723984,5,0
737,2024-01-08,307.3171553011209,4522.7137295967705,3,0
738,2024-01-09,484.3484762757961,5466.379574381979,4,0
739,2024-01-10,351.79970862593984,4905.6074935888155,3,0
740,2024-01-11,323.3556556276054,4016.881816254292,3,0
741,2024-01-12,328.9705548597558,4101.678028567984,5,1
742,2024-01-13,763.2479230613087,5802.051738740516,4,0
743,2024-01-14,480.0517366535612,3153.4680183353266,2,0
744,2024-01-15,385.1446708282871,5604.136740442684,2,0
745,2024-01-16,583.3680446124309,3370.4163972515616,5,0
746,2024-01-17,501.5523971849449,2878.823555097564,4,0
747,2024-01-18,608.0050639012479,3161.1533962415015,6,0
748,2024-01-19,226.3615016093255,6966.76397193474,7,0
749,2024-01-20,545.5405856693002,4803.766035056458,8,0
750,2024-01-21,615.9042255653573,5086.583180165419,7,0
751,2024-01-22,250.76025633281546,6419.255045910952,4,0
752,2024-01-23,567.2292926634968,5934.179748499725,6,0
753,2024-01-24,754.4272359242241,3608.4947305957803,1,0
754,2024-01-25,497.7713444967946,5869.006342818761,4,1
755,2024-01-26,623.2108905537217,5184.181264703546,5,0
756,2024-01-27,600.5855675466365,4658.321902404119,3,0
757,2024-01-28,393.87414537341346,5024.29091413778,5,0
758,2024-01-29,505.96501018797426,6279.812020628022,3,0
759,2024-01-30,264.95079337075964,4114.0335179590475,4,0
760,2024-01-31,432.3045444346211,5400.885679104121,3,1
761,2024-02-01,539.8531962449354,4990.342763467092,3,0
762,2024-02-02,608.4650740606697,3202.8353846043815,2,0
763,2024-02-03,503.6918187871867,4197.746828269189,6,0
764,2024-02-04,607.9975595214748,5193.213553233696,9,0
765,2024-02-05,334.5640680566945,6297.34208909289,9,0
766,2024-02-06,484.74540881676927,6001.33101734673,5,0
767,2024-02-07,502.8919076769616,5597.212504403425,3,0
768,2024-02-08,777.4386870019455,4184.724338863542,5,0
769,2024-02-09,467.8750015699874,6801.213990808535,3,0
770,2024-02-10,425.1475043008726,5215.240467639612,1,0
771,2024-02-11,503.2026835765323,3993.63447832145,3,0
772,2024-02-12,362.13298326950843,4817.095019143049,5,0
773,2024-02-13,528.9130773597824,5896.24842535616,3,0
774,2024-02-14,445.24171751806136,5007.617498318158,3,0
775,2024-02-15,231.30086779382248,5886.864686582761,6,0
776,2024-02-16,491.21201732992085,6103.69395746215,10,0
777,2024-02-17,452.3685359104701,5400.530684598706,1,0
778,2024-02-18,255.1365046898025,4142.297376953106,7,0
779,2024-02-19,489.92987680782176,5135.45466318998,5,0
780,2024-02-20,723.4033943111721,5045.165855938831,3,0
781,2024-02-21,578.195562241357,6859.3463338516285,4,0
782,2024-02-22,591.7890789096737,3373.6780621731696,5,0
783,2024-02-23,298.77549116254363,4865.177548905646,6,0
784,2024-02-24,571.5347553383334,4415.906453205081,7,0
785,2024-02-25,522.2674372070117,5335.105620195999,2,0
786,2024-02-26,579.3567857501647,2562.435640800644,7,0
787,2024-02-27,563.3942932563239,6114.92455949028,6,0
788,2024-02-28,296.03289117442796,5013.748487335533,8,0
789,2024-02-29,493.78987826630487,3155.298836371954,2,0
790,2024-03-01,386.3193709362251,4638.886865260134,8,0
791,2024-03-02,492.4873858572767,5608.962341654525,5,0
792,2024-03-03,365.3898609647254,3408.5521245419686,8,0
793,2024-03-04,696.8705550711495,5003.222216443156,4,0
794,2024-03-05,371.15414173334864,3942.52635219847,6,0
795,2024-03-06,365.1586765301696,4444.014968121032,7,0
796,2024-03-07,511.187960981533,5026.738382674637,5,0
797,2024-03-08,338.4351395894008,5183.450253581576,5,0
798,2024-03-09,436.3005046350701,4529.257501817273,5,0
799,2024-03-10,375.50531036930573,5272.796389530264,6,0
800,2024-03-11,711.6758095834417,5817.977607254806,3,0
801,2024-03-12,617.8705740246759,4721.08572489676,3,0
802,2024-03-13,491.3795722301908,6431.567757449291,5,0
803,2024-03-14,441.3174421738976,6462.214170780419,8,0
804,2024-03-15,641.137642186267,4571.297934414171,7,0
805,2024-03-16,560.7806120484332,4362.159443526416,5,0
806,2024-03-17,574.7078607024285,3335.8270148338265,8,0
807,2024-03-18,496.07116439836244,4873.43066836061,10,0
808,2024-03-19,246.76549583428516,4636.562219883948,7,0
809,2024-03-20,483.1301026160671,5779.051220132991,5,0
810,2024-03-21,420.1265121186398,3490.338393931701,6,0
811,2024-03-22,596.7582910189815,4722.60860825689,6,0
812,2024-03-23,651.7763649491284,5968.744393111146,6,0
813,2024-03-24,401.3073432858247,4269.64290444204,6,0
814,2024-03-25,570.2577851415577,4237.638463272391,5,1
815,2024-03-26,760.381849652857,3553.0596652441914,9,0
816,2024-03-27,399.84309191441616,7620.573846018239,3,0
817,2024-03-28,752.2882610109707,4252.526821934621,5,0
818,2024-03-29,372.11212292440297,3699.653167781661,7,0
819,2024-03-30,503.4439633411927,4196.14959596848,3,0
820,2024-03-31,498.3281582237238,4225.704919513196,4,0
821,2024-04-01,501.72483498050934,4730.61022154876,4,0
822,2024-04-02,374.34829371380823,5825.372232087515,3,0
823,2024-04-03,411.32253443533557,4701.676831004166,8,0
824,2024-04-04,399.8419570460901,4077.176685003172,6,0
825,2024-04-05,549.0443893106686,3548.661501808975,4,0
826,2024-04-06,549.5052671765468,5021.8573582198715,4,0
827,2024-04-07,833.8916497607388,5042.539074029791,3,1
828,2024-04-08,705.6483509436682,6530.932351028825,7,0
829,2024-04-09,423.52351367922813,5092.447735469808,5,0
830,2024-04-10,548.7304423694279,4900.9916887159225,4,0
831,2024-04-11,649.5676971187639,3949.3461634125106,5,0
832,2024-04-12,504.59027365077765,4694.047424901608,3,0
833,2024-04-13,489.5537632329597,4561.525541965394,3,0
834,2024-04-14,507.73624141548333,4629.835835486298,3,0
835,2024-04-15,630.0914943212642,4040.744607359412,9,0
836,2024-04-16,372.75192157921515,5538.329603276177,6,0
837,2024-04-17,451.1495796769739,4857.55458249063,3,0
838,2024-04-18,570.5649717269723,4799.646519995013,4,0
839,2024-04-19,546.7170607331233,3285.9538839510037,7,0
840,2024-04-20,535.9374139784587,5493.644087524864,7,0
841,2024-04-21,444.5298250544295,5487.015325980379,3,0
842,2024-04-22,645.8803683713805,4160.8705971577865,6,0
843,2024-04-23,820.0802370806806,5990.121383879194,4,0
844,2024-04-24,560.962324051431,3635.2417699175676,3,0
845,2024-04-25,471.023494767524,4978.13009121092,2,0
846,2024-04-26,613.3610433341814,4728.792660109836,9,0
847,2024-04-27,419.13010448705154,3682.8252111942056,3,0
848,2024-04-28,387.5464482945655,5189.702612079996,5,0
849,2024-04-29,504.92131214205676,6702.570152241791,2,0
850,2024-04-30,112.58050505450831,5067.634230066919,6,0
851,2024-05-01,326.90744545219854,4536.978245890949,3,0
852,2024-05-02,447.80572161187314,5447.024156885678,5,0
853,2024-05-03,296.991671277843,5105.719995467155,0,0
854,2024-05-04,345.10353471618055,5027.762131625502,3,0
855,2024-05-05,434.4877493812989,4574.457787228552,4,0
856,2024-05-06,253.55520597040862,6421.975559292465,8,0
857,2024-05-07,439.0892305610252,5456.363363480786,4,0
858,2024-05-08,419.70947532007335,4471.329341064511,5,0
859,2024-05-09,503.8107812577524,4891.9961632190425,6,0
860,2024-05-10,673.1276045741029,4259.133295795928,3,0
861,2024-05-11,525.8756624739299,4391.708849918505,5,0
862,2024-05-12,503.15930320130957,4359.274275809801,3,0
863,2024-05-13,514.9181685546067,3865.6884062777726,4,0
864,2024-05-14,534.1089162681693,5777.276963767956,4,0
865,2024-05-15,347.48920270853466,4708.958536726974,2,0
866,2024-05-16,482.7837012843803,5554.12757832677,6,1
867,2024-05-17,546.312686275492,4329.874102272704,5,0
868,2024-05-18,294.38600261854094,4939.637505607661,5,0
869,2024-05-19,629.847938422378,4288.959403208889,4,0
870,2024-05-20,662.2064051687285,5719.668170537332,8,0
871,2024-05-21,405.2936017325917,4751.580693294962,3,0
872,2024-05-22,463.7993312820343,4269.126414048615,2,0
873,2024-05-23,368.27144857848907,3358.2967711902156,3,0
874,2024-05-24,604.9070725381725,5275.6665493407745,6,0
875,2024-05-25,340.81665688311364,4291.614947661893,5,0
876,2024-05-26,466.62844846356194,4984.220782879005,5,0
877,2024-05-27,371.16201382884924,4508.269891986472,2,0
878,2024-05-28,507.6431415516934,5954.189580898765,4,0
879,2024-05-29,230.86560927654187,5544.144752358008,3,0
880,2024-05-30,698.969246354854,5447.212087454832,0,0
881,2024-05-31,355.30903636906044,4383.878876676521,3,0
882,2024-06-01,508.98420246744143,5466.29004355019,6,0
883,2024-06-02,468.1215432844536,6714.831608676042,5,0
884,2024-06-03,385.6828232116253,4167.813965849938,6,0
885,2024-06-04,366.83297950460974,5172.339139229189,1,0
886,2024-06-05,640.4597815328689,3350.7830255828676,4,0
887,2024-06-06,421.15391103470904,6398.562092125536,6,0
888,2024-06-07,540.6755276955967,4602.087901409159,4,0
889,2024-06-08,379.77546719084376,5782.5788808419775,7,0
890,2024-06-09,402.9227852228359,3276.7717492836773,6,0
891,2024-06-10,570.8370725131773,6797.539387125905,4,0
892,2024-06-11,639.5612744166674,4643.128471974402,7,0
893,2024-06-12,473.702539650947,5545.657323470027,5,0
894,2024-06-13,286.7120192539345,5150.818206332594,11,0
895,2024-06-14,799.6934119625007,4744.52921381223,4,0
896,2024-06-15,371.51760376486857,6685.7923026593035,5,0
897,2024-06-16,268.76189004923185,3351.95379363382,4,0
898,2024-06-17,889.1636881652228,5298.713659992009,3,0
899,2024-06-18,439.39515592235944,5910.64567222997,4,0
900,2024-06-19,280.7400967607888,4970.143878363634,7,0
901,2024-06-20,397.48403498169773,4881.829215633408,3,0
902,2024-06-21,555.1317344033404,4857.312287926535,4,0
903,2024-06-22,528.5467336390909,3772.363579589592,2,0
904,2024-06-23,372.2406204119615,5038.127384094934,1,0
905,2024-06-24,773.4085400191939,5512.717523472399,3,0
906,2024-06-25,421.763048300994,5068.59922748066,4,0
907,2024-06-26,322.2970114382672,4727.72389885492,3,0
908,2024-06-27,644.104009769099,4510.274977626973,4,0
909,2024-06-28,699.3594269809523,4720.703330721628,4,0
910,2024-06-29,377.376035357566,6257.744217496038,0,0
911,2024-06-30,289.79790604410346,2913.3650205794575,2,0
912,2024-07-01,654.5657401123407,5040.071456547776,9,0
913,2024-07-02,192.90145804130572,4672.245082703584,2,0
914,2024-07-03,316.0067510905077,6455.807951836843,5,0
915,2024-07-04,645.1169225075353,5055.492225443802,3,0
916,2024-07-05,491.6971177966416,6484.925598699954,4,0
917,2024-07-06,460.4093977110968,2876.109981954441,1,0
918,2024-07-07,552.9224909741567,5459.584904834056,7,0
919,2024-07-08,477.0838364681887,5280.05786003768,5,0
920,2024-07-09,305.1969916755365,6390.533967073938,7,0
921,2024-07-10,691.4113019009282,3358.6513911769707,5,0
922,2024-07-11,698.7521079330223,4844.964191881674,4,0
923,2024-07-12,530.799884566694,5066.060261786492,2,0
924,2024-07-13,506.77010231480153,4504.204505454791,5,0
925,2024-07-14,850.9437209030086,6216.57771374294,8,0
926,2024-07-15,458.53507324762444,4661.317814554603,9,0
927,2024-07-16,461.0634527248941,7034.762544021154,3,0
928,2024-07-17,554.6721873860758,6054.177908938923,4,0
929,2024-07-18,720.6982934213507,5950.8336970038,6,0
930,2024-07-19,738.9156131626225,5559.298981390884,7,0
931,2024-07-20,461.2141052484843,3936.304408974452,5,0
932,2024-07-21,546.2496868939018,4568.903662489243,4,0
933,2024-07-22,293.28747994038844,5572.7513668572155,4,0
934,2024-07-23,453.20358381256807,5677.557033587717,4,0
935,2024-07-24,373.95644067810406,6307.1838450812575,3,0
936,2024-07-25,348.9752371551524,4532.558990374094,6,0
937,2024-07-26,752.2365074400991,4139.846615075337,3,0
938,2024-07-27,381.1570007290783,5859.10419278553,5,0
939,2024-07-28,420.25911379828176,4190.373423959887,4,0
940,2024-07-29,554.8773181875288,5873.311836070412,6,0
941,2024-07-30,694.6737900460378,6199.736176415037,2,0
942,2024-07-31,572.1672689583253,5456.153035827056,7,0
943,2024-08-01,913.9032671032373,4642.4209680314025,4,0
944,2024-08-02,488.79980326232754,5041.08222614388,8,0
945,2024-08-03,538.8074660344619,5593.465919603239,7,0
946,2024-08-04,541.3401010976085,5010.185518712074,4,0
947,2024-08-05,715.2574080183732,7198.296338670492,6,0
948,2024-08-06,576.0858426664423,4009.329069372851,7,0
949,2024-08-07,482.5655449419276,3997.3314126302093,6,1
950,2024-08-08,357.87671076396805,4023.1046132646748,7,0
951,2024-08-09,536.6665183942449,4410.420077454784,2,0
952,2024-08-10,710.201724693794,2821.0684798050906,3,0
953,2024-08-11,438.4427309513194,4370.349573059819,3,0
954,2024-08-12,579.3415427624873,4346.715298072111,8,0
955,2024-08-13,536.9221683027266,5078.514025174176,3,0
956,2024-08-14,629.5279487571972,5417.800583206082,4,0
957,2024-08-15,379.2869389043196,3759.7836635922295,7,0
958,2024-08-16,851.9970545789843,5900.054242764072,8,0
959,2024-08-17,308.12583394576126,6802.242229790547,2,0
960,2024-08-18,445.16733650209443,4791.714896905004,5,0
961,2024-08-19,640.7138811358468,6574.371237475571,4,0
962,2024-08-20,544.509975874117,5198.9894944051875,2,0
963,2024-08-21,624.4979238621655,6988.731918595391,6,0
964,2024-08-22,425.58464990261564,6117.2834656881905,9,0
965,2024-08-23,488.7792525979488,3436.095365160234,2,0
966,2024-08-24,501.8347975458226,5018.627370661356,7,0
967,2024-08-25,735.3889421803856,6054.324974904078,8,0
968,2024-08-26,603.5643536574573,5030.546581040617,6,0
969,2024-08-27,619.5008162547007,4963.116469154933,4,0
970,2024-08-28,401.3110861194807,6269.7647503143035,3,0
971,2024-08-29,645.3323957844576,4290.145817853896,7,0
972,2024-08-30,533.8372495353206,5017.515613278219,2,0
973,2024-08-31,708.3717973516891,5323.625764609119,5,0
974,2024-09-01,802.1090232377702,4666.2090396464355,1,0
975,2024-09-02,453.9851335959493,4979.870896122463,6,0
976,2024-09-03,439.05453043324064,5775.0232632241705,4,0
977,2024-09-04,370.39325133464456,5432.8376214999935,4,0
978,2024-09-05,478.4630732425519,4191.282468020467,6,0
979,2024-09-06,442.6961826574425,3895.876014200738,3,0
980,2024-09-07,553.9256599356515,4210.89781974335,4,0
981,2024-09-08,478.3149774599396,5001.248455788486,6,0
982,2024-09-09,445.76010788275704,4840.060212242957,9,0
983,2024-09-10,659.6877704191777,4168.0425067828755,1,0
984,2024-09-11,359.31796532728225,4401.8495474835145,0,0
985,2024-09-12,564.9661929727015,3479.9607148079363,7,0
986,2024-09-13,439.1087409217275,5417.853703217326,5,0
987,2024-09-14,608.6552757304946,4959.981274648367,3,0
988,2024-09-15,707.7892320083346,3740.21265659473,4,0
989,2024-09-16,454.5352619863891,5028.620504187783,6,0
990,2024-09-17,566.1549360909727,6342.622010510353,3,0
991,2024-09-18,526.818929859977,4260.06414703474,4,0
992,2024-09-19,380.08664006853553,6315.137665720972,2,0
993,2024-09-20,536.1181264612908,4676.542527516576,3,0
994,2024-09-21,543.3680757918219,5197.828167849868,7,0
995,2024-09-22,561.9306230669262,5097.750802422185,8,0
996,2024-09-23,470.2401654769931,6401.523416005246,9,0
997,2024-09-24,514.128845046522,5158.433846785531,4,0
998,2024-09-25,327.8583582735297,3858.0985807961533,5,0
999,2024-09-26,446.2828886780215,3689.0296295587877,3,0
